,direction_label,timestamp,symbol,timeframe
0,2,49,XAUUSD,M5
1,2,50,XAUUSD,M5
2,2,51,XAUUSD,M5
3,2,52,XAUUSD,M5
4,2,53,XAUUSD,M5
5,2,54,XAUUSD,M5
6,2,55,XAUUSD,M5
7,2,56,XAUUSD,M5
8,2,57,XAUUSD,M5
9,2,58,XAUUSD,M5
10,2,59,XAUUSD,M5
11,0,60,XAUUSD,M5
12,1,61,XAUUSD,M5
13,1,62,XAUUSD,M5
14,1,63,XAUUSD,M5
15,1,64,XAUUSD,M5
16,1,65,XAUUSD,M5
17,1,66,XAUUSD,M5
18,1,67,XAUUSD,M5
19,1,68,XAUUSD,M5
20,1,69,XAUUSD,M5
21,0,70,XAUUSD,M5
22,0,71,XAUUSD,M5
23,2,72,XAUUSD,M5
24,2,73,XAUUSD,M5
25,2,74,XAUUSD,M5
26,0,75,XAUUSD,M5
27,0,76,XAUUSD,M5
28,0,77,XAUUSD,M5
29,1,78,XAUUSD,M5
30,1,79,XAUUSD,M5
31,1,80,XAUUSD,M5
32,1,81,XAUUSD,M5
33,1,82,XAUUSD,M5
34,1,83,XAUUSD,M5
35,1,84,XAUUSD,M5
36,0,85,XAUUSD,M5
37,2,86,XAUUSD,M5
38,2,87,XAUUSD,M5
39,2,88,XAUUSD,M5
40,2,89,XAUUSD,M5
41,2,90,XAUUSD,M5
42,2,91,XAUUSD,M5
43,2,92,XAUUSD,M5
44,2,93,XAUUSD,M5
45,2,94,XAUUSD,M5
46,2,95,XAUUSD,M5
47,2,96,XAUUSD,M5
48,2,97,XAUUSD,M5
49,2,98,XAUUSD,M5
50,1,99,XAUUSD,M5
51,0,100,XAUUSD,M5
52,0,101,XAUUSD,M5
53,2,102,XAUUSD,M5
54,2,103,XAUUSD,M5
55,2,104,XAUUSD,M5
56,0,105,XAUUSD,M5
57,0,106,XAUUSD,M5
58,0,107,XAUUSD,M5
59,0,108,XAUUSD,M5
60,2,109,XAUUSD,M5
61,2,110,XAUUSD,M5
62,1,111,XAUUSD,M5
63,1,112,XAUUSD,M5
64,1,113,XAUUSD,M5
65,0,114,XAUUSD,M5
66,2,115,XAUUSD,M5
67,0,116,XAUUSD,M5
68,0,117,XAUUSD,M5
69,2,118,XAUUSD,M5
70,2,119,XAUUSD,M5
71,2,120,XAUUSD,M5
72,2,121,XAUUSD,M5
73,2,122,XAUUSD,M5
74,2,123,XAUUSD,M5
75,2,124,XAUUSD,M5
76,2,125,XAUUSD,M5
77,2,126,XAUUSD,M5
78,2,127,XAUUSD,M5
79,2,128,XAUUSD,M5
80,2,129,XAUUSD,M5
81,2,130,XAUUSD,M5
82,2,131,XAUUSD,M5
83,1,132,XAUUSD,M5
84,1,133,XAUUSD,M5
85,1,134,XAUUSD,M5
86,1,135,XAUUSD,M5
87,1,136,XAUUSD,M5
88,1,137,XAUUSD,M5
89,1,138,XAUUSD,M5
90,1,139,XAUUSD,M5
91,1,140,XAUUSD,M5
92,1,141,XAUUSD,M5
93,1,142,XAUUSD,M5
94,0,143,XAUUSD,M5
95,0,144,XAUUSD,M5
96,0,145,XAUUSD,M5
97,0,146,XAUUSD,M5
98,1,147,XAUUSD,M5
99,2,148,XAUUSD,M5
100,0,149,XAUUSD,M5
101,0,150,XAUUSD,M5
102,0,151,XAUUSD,M5
103,0,152,XAUUSD,M5
104,0,153,XAUUSD,M5
105,2,154,XAUUSD,M5
106,0,155,XAUUSD,M5
107,2,156,XAUUSD,M5
108,2,157,XAUUSD,M5
109,2,158,XAUUSD,M5
110,2,159,XAUUSD,M5
111,2,160,XAUUSD,M5
112,2,161,XAUUSD,M5
113,2,162,XAUUSD,M5
114,2,163,XAUUSD,M5
115,2,164,XAUUSD,M5
116,2,165,XAUUSD,M5
117,1,166,XAUUSD,M5
118,0,167,XAUUSD,M5
119,1,168,XAUUSD,M5
120,1,169,XAUUSD,M5
121,1,170,XAUUSD,M5
122,1,171,XAUUSD,M5
123,1,172,XAUUSD,M5
124,1,173,XAUUSD,M5
125,1,174,XAUUSD,M5
126,1,175,XAUUSD,M5
127,1,176,XAUUSD,M5
128,1,177,XAUUSD,M5
129,1,178,XAUUSD,M5
130,1,179,XAUUSD,M5
131,1,180,XAUUSD,M5
132,1,181,XAUUSD,M5
133,1,182,XAUUSD,M5
134,1,183,XAUUSD,M5
135,1,184,XAUUSD,M5
136,1,185,XAUUSD,M5
137,1,186,XAUUSD,M5
138,1,187,XAUUSD,M5
139,0,188,XAUUSD,M5
140,1,189,XAUUSD,M5
141,0,190,XAUUSD,M5
142,1,191,XAUUSD,M5
143,2,192,XAUUSD,M5
144,2,193,XAUUSD,M5
145,2,194,XAUUSD,M5
146,2,195,XAUUSD,M5
147,2,196,XAUUSD,M5
148,0,197,XAUUSD,M5
149,1,198,XAUUSD,M5
150,2,199,XAUUSD,M5
151,0,200,XAUUSD,M5
152,2,201,XAUUSD,M5
153,1,202,XAUUSD,M5
154,1,203,XAUUSD,M5
155,1,204,XAUUSD,M5
156,1,205,XAUUSD,M5
157,1,206,XAUUSD,M5
158,0,207,XAUUSD,M5
159,1,208,XAUUSD,M5
160,1,209,XAUUSD,M5
161,1,210,XAUUSD,M5
162,1,211,XAUUSD,M5
163,2,212,XAUUSD,M5
164,2,213,XAUUSD,M5
165,2,214,XAUUSD,M5
166,2,215,XAUUSD,M5
167,2,216,XAUUSD,M5
168,2,217,XAUUSD,M5
169,2,218,XAUUSD,M5
170,2,219,XAUUSD,M5
171,2,220,XAUUSD,M5
172,2,221,XAUUSD,M5
173,2,222,XAUUSD,M5
174,2,223,XAUUSD,M5
175,2,224,XAUUSD,M5
176,2,225,XAUUSD,M5
177,2,226,XAUUSD,M5
178,2,227,XAUUSD,M5
179,2,228,XAUUSD,M5
180,2,229,XAUUSD,M5
181,2,230,XAUUSD,M5
182,2,231,XAUUSD,M5
183,2,232,XAUUSD,M5
184,2,233,XAUUSD,M5
185,2,234,XAUUSD,M5
186,2,235,XAUUSD,M5
187,2,236,XAUUSD,M5
188,2,237,XAUUSD,M5
189,0,238,XAUUSD,M5
190,1,239,XAUUSD,M5
191,1,240,XAUUSD,M5
192,1,241,XAUUSD,M5
193,1,242,XAUUSD,M5
194,1,243,XAUUSD,M5
195,1,244,XAUUSD,M5
196,1,245,XAUUSD,M5
197,1,246,XAUUSD,M5
198,0,247,XAUUSD,M5
199,1,248,XAUUSD,M5
200,1,249,XAUUSD,M5
201,0,250,XAUUSD,M5
202,2,251,XAUUSD,M5
203,2,252,XAUUSD,M5
204,2,253,XAUUSD,M5
205,2,254,XAUUSD,M5
206,0,255,XAUUSD,M5
207,1,256,XAUUSD,M5
208,1,257,XAUUSD,M5
209,1,258,XAUUSD,M5
210,1,259,XAUUSD,M5
211,1,260,XAUUSD,M5
212,1,261,XAUUSD,M5
213,1,262,XAUUSD,M5
214,1,263,XAUUSD,M5
215,1,264,XAUUSD,M5
216,1,265,XAUUSD,M5
217,1,266,XAUUSD,M5
218,1,267,XAUUSD,M5
219,2,268,XAUUSD,M5
220,2,269,XAUUSD,M5
221,2,270,XAUUSD,M5
222,2,271,XAUUSD,M5
223,2,272,XAUUSD,M5
224,2,273,XAUUSD,M5
225,2,274,XAUUSD,M5
226,2,275,XAUUSD,M5
227,2,276,XAUUSD,M5
228,0,277,XAUUSD,M5
229,0,278,XAUUSD,M5
230,0,279,XAUUSD,M5
231,0,280,XAUUSD,M5
232,0,281,XAUUSD,M5
233,1,282,XAUUSD,M5
234,1,283,XAUUSD,M5
235,0,284,XAUUSD,M5
236,0,285,XAUUSD,M5
237,0,286,XAUUSD,M5
238,0,287,XAUUSD,M5
239,0,288,XAUUSD,M5
240,0,289,XAUUSD,M5
241,2,290,XAUUSD,M5
242,0,291,XAUUSD,M5
243,1,292,XAUUSD,M5
244,1,293,XAUUSD,M5
245,1,294,XAUUSD,M5
246,1,295,XAUUSD,M5
247,1,296,XAUUSD,M5
248,1,297,XAUUSD,M5
249,1,298,XAUUSD,M5
250,1,299,XAUUSD,M5
251,1,300,XAUUSD,M5
252,0,301,XAUUSD,M5
253,2,302,XAUUSD,M5
254,2,303,XAUUSD,M5
255,2,304,XAUUSD,M5
256,2,305,XAUUSD,M5
257,2,306,XAUUSD,M5
258,2,307,XAUUSD,M5
259,2,308,XAUUSD,M5
260,2,309,XAUUSD,M5
261,0,310,XAUUSD,M5
262,0,311,XAUUSD,M5
263,2,312,XAUUSD,M5
264,2,313,XAUUSD,M5
265,2,314,XAUUSD,M5
266,2,315,XAUUSD,M5
267,2,316,XAUUSD,M5
268,2,317,XAUUSD,M5
269,2,318,XAUUSD,M5
270,2,319,XAUUSD,M5
271,2,320,XAUUSD,M5
272,2,321,XAUUSD,M5
273,2,322,XAUUSD,M5
274,2,323,XAUUSD,M5
275,1,324,XAUUSD,M5
276,1,325,XAUUSD,M5
277,1,326,XAUUSD,M5
278,1,327,XAUUSD,M5
279,1,328,XAUUSD,M5
280,1,329,XAUUSD,M5
281,1,330,XAUUSD,M5
282,1,331,XAUUSD,M5
283,1,332,XAUUSD,M5
284,1,333,XAUUSD,M5
285,0,334,XAUUSD,M5
286,0,335,XAUUSD,M5
287,2,336,XAUUSD,M5
288,2,337,XAUUSD,M5
289,2,338,XAUUSD,M5
290,2,339,XAUUSD,M5
291,2,340,XAUUSD,M5
292,2,341,XAUUSD,M5
293,2,342,XAUUSD,M5
294,2,343,XAUUSD,M5
295,2,344,XAUUSD,M5
296,2,345,XAUUSD,M5
297,2,346,XAUUSD,M5
298,0,347,XAUUSD,M5
299,1,348,XAUUSD,M5
300,0,349,XAUUSD,M5
301,0,350,XAUUSD,M5
302,1,351,XAUUSD,M5
303,1,352,XAUUSD,M5
304,1,353,XAUUSD,M5
305,1,354,XAUUSD,M5
306,1,355,XAUUSD,M5
307,0,356,XAUUSD,M5
308,2,357,XAUUSD,M5
309,2,358,XAUUSD,M5
310,2,359,XAUUSD,M5
311,2,360,XAUUSD,M5
312,2,361,XAUUSD,M5
313,0,362,XAUUSD,M5
314,2,363,XAUUSD,M5
315,0,364,XAUUSD,M5
316,2,365,XAUUSD,M5
317,1,366,XAUUSD,M5
318,1,367,XAUUSD,M5
319,1,368,XAUUSD,M5
320,0,369,XAUUSD,M5
321,0,370,XAUUSD,M5
322,2,371,XAUUSD,M5
323,2,372,XAUUSD,M5
324,1,373,XAUUSD,M5
325,1,374,XAUUSD,M5
326,0,375,XAUUSD,M5
327,2,376,XAUUSD,M5
328,2,377,XAUUSD,M5
329,2,378,XAUUSD,M5
330,2,379,XAUUSD,M5
331,2,380,XAUUSD,M5
332,2,381,XAUUSD,M5
333,2,382,XAUUSD,M5
334,2,383,XAUUSD,M5
335,2,384,XAUUSD,M5
336,2,385,XAUUSD,M5
337,2,386,XAUUSD,M5
338,2,387,XAUUSD,M5
339,2,388,XAUUSD,M5
340,0,389,XAUUSD,M5
341,0,390,XAUUSD,M5
342,0,391,XAUUSD,M5
343,0,392,XAUUSD,M5
344,0,393,XAUUSD,M5
345,0,394,XAUUSD,M5
346,0,395,XAUUSD,M5
347,1,396,XAUUSD,M5
348,0,397,XAUUSD,M5
349,0,398,XAUUSD,M5
350,0,399,XAUUSD,M5
351,0,400,XAUUSD,M5
352,2,401,XAUUSD,M5
353,1,402,XAUUSD,M5
354,1,403,XAUUSD,M5
355,1,404,XAUUSD,M5
356,1,405,XAUUSD,M5
357,1,406,XAUUSD,M5
358,1,407,XAUUSD,M5
359,1,408,XAUUSD,M5
360,1,409,XAUUSD,M5
361,1,410,XAUUSD,M5
362,1,411,XAUUSD,M5
363,1,412,XAUUSD,M5
364,1,413,XAUUSD,M5
365,1,414,XAUUSD,M5
366,1,415,XAUUSD,M5
367,1,416,XAUUSD,M5
368,1,417,XAUUSD,M5
369,1,418,XAUUSD,M5
370,1,419,XAUUSD,M5
371,1,420,XAUUSD,M5
372,1,421,XAUUSD,M5
373,2,422,XAUUSD,M5
374,2,423,XAUUSD,M5
375,2,424,XAUUSD,M5
376,2,425,XAUUSD,M5
377,2,426,XAUUSD,M5
378,2,427,XAUUSD,M5
379,2,428,XAUUSD,M5
380,2,429,XAUUSD,M5
381,2,430,XAUUSD,M5
382,2,431,XAUUSD,M5
383,2,432,XAUUSD,M5
384,2,433,XAUUSD,M5
385,0,434,XAUUSD,M5
386,0,435,XAUUSD,M5
387,0,436,XAUUSD,M5
388,1,437,XAUUSD,M5
389,1,438,XAUUSD,M5
390,1,439,XAUUSD,M5
391,1,440,XAUUSD,M5
392,0,441,XAUUSD,M5
393,0,442,XAUUSD,M5
394,2,443,XAUUSD,M5
395,2,444,XAUUSD,M5
396,2,445,XAUUSD,M5
397,2,446,XAUUSD,M5
398,1,447,XAUUSD,M5
399,1,448,XAUUSD,M5
400,1,449,XAUUSD,M5
401,1,450,XAUUSD,M5
402,1,451,XAUUSD,M5
403,1,452,XAUUSD,M5
404,1,453,XAUUSD,M5
405,1,454,XAUUSD,M5
406,1,455,XAUUSD,M5
407,1,456,XAUUSD,M5
408,1,457,XAUUSD,M5
409,1,458,XAUUSD,M5
410,1,459,XAUUSD,M5
411,1,460,XAUUSD,M5
412,1,461,XAUUSD,M5
413,1,462,XAUUSD,M5
414,1,463,XAUUSD,M5
415,1,464,XAUUSD,M5
416,0,465,XAUUSD,M5
417,1,466,XAUUSD,M5
418,1,467,XAUUSD,M5
419,1,468,XAUUSD,M5
420,1,469,XAUUSD,M5
421,1,470,XAUUSD,M5
422,1,471,XAUUSD,M5
423,1,472,XAUUSD,M5
424,0,473,XAUUSD,M5
425,2,474,XAUUSD,M5
426,0,475,XAUUSD,M5
427,2,476,XAUUSD,M5
428,2,477,XAUUSD,M5
429,2,478,XAUUSD,M5
430,2,479,XAUUSD,M5
431,2,480,XAUUSD,M5
432,0,481,XAUUSD,M5
433,2,482,XAUUSD,M5
434,0,483,XAUUSD,M5
435,1,484,XAUUSD,M5
436,1,485,XAUUSD,M5
437,1,486,XAUUSD,M5
438,1,487,XAUUSD,M5
439,1,488,XAUUSD,M5
440,2,489,XAUUSD,M5
441,2,490,XAUUSD,M5
442,2,491,XAUUSD,M5
443,0,492,XAUUSD,M5
444,0,493,XAUUSD,M5
445,2,494,XAUUSD,M5
446,2,495,XAUUSD,M5
447,2,496,XAUUSD,M5
448,0,497,XAUUSD,M5
449,1,498,XAUUSD,M5
450,1,499,XAUUSD,M5
451,1,500,XAUUSD,M5
452,1,501,XAUUSD,M5
453,1,502,XAUUSD,M5
454,1,503,XAUUSD,M5
455,1,504,XAUUSD,M5
456,1,505,XAUUSD,M5
457,1,506,XAUUSD,M5
458,1,507,XAUUSD,M5
459,1,508,XAUUSD,M5
460,1,509,XAUUSD,M5
461,1,510,XAUUSD,M5
462,1,511,XAUUSD,M5
463,0,512,XAUUSD,M5
464,0,513,XAUUSD,M5
465,2,514,XAUUSD,M5
466,2,515,XAUUSD,M5
467,2,516,XAUUSD,M5
468,2,517,XAUUSD,M5
469,0,518,XAUUSD,M5
470,0,519,XAUUSD,M5
471,0,520,XAUUSD,M5
472,0,521,XAUUSD,M5
473,0,522,XAUUSD,M5
474,0,523,XAUUSD,M5
475,2,524,XAUUSD,M5
476,2,525,XAUUSD,M5
477,2,526,XAUUSD,M5
478,0,527,XAUUSD,M5
479,0,528,XAUUSD,M5
480,0,529,XAUUSD,M5
481,1,530,XAUUSD,M5
482,1,531,XAUUSD,M5
483,1,532,XAUUSD,M5
484,1,533,XAUUSD,M5
485,1,534,XAUUSD,M5
486,1,535,XAUUSD,M5
487,1,536,XAUUSD,M5
488,1,537,XAUUSD,M5
489,1,538,XAUUSD,M5
490,1,539,XAUUSD,M5
491,1,540,XAUUSD,M5
492,1,541,XAUUSD,M5
493,0,542,XAUUSD,M5
494,2,543,XAUUSD,M5
495,2,544,XAUUSD,M5
496,2,545,XAUUSD,M5
497,2,546,XAUUSD,M5
498,2,547,XAUUSD,M5
499,2,548,XAUUSD,M5
500,2,549,XAUUSD,M5
501,2,550,XAUUSD,M5
502,2,551,XAUUSD,M5
503,2,552,XAUUSD,M5
504,2,553,XAUUSD,M5
505,2,554,XAUUSD,M5
506,2,555,XAUUSD,M5
507,2,556,XAUUSD,M5
508,2,557,XAUUSD,M5
509,0,558,XAUUSD,M5
510,0,559,XAUUSD,M5
511,1,560,XAUUSD,M5
512,1,561,XAUUSD,M5
513,0,562,XAUUSD,M5
514,0,563,XAUUSD,M5
515,1,564,XAUUSD,M5
516,1,565,XAUUSD,M5
517,1,566,XAUUSD,M5
518,1,567,XAUUSD,M5
519,1,568,XAUUSD,M5
520,1,569,XAUUSD,M5
521,1,570,XAUUSD,M5
522,1,571,XAUUSD,M5
523,0,572,XAUUSD,M5
524,0,573,XAUUSD,M5
525,1,574,XAUUSD,M5
526,1,575,XAUUSD,M5
527,1,576,XAUUSD,M5
528,1,577,XAUUSD,M5
529,2,578,XAUUSD,M5
530,2,579,XAUUSD,M5
531,2,580,XAUUSD,M5
532,2,581,XAUUSD,M5
533,2,582,XAUUSD,M5
534,2,583,XAUUSD,M5
535,2,584,XAUUSD,M5
536,2,585,XAUUSD,M5
537,2,586,XAUUSD,M5
538,2,587,XAUUSD,M5
539,2,588,XAUUSD,M5
540,1,589,XAUUSD,M5
541,0,590,XAUUSD,M5
542,2,591,XAUUSD,M5
543,2,592,XAUUSD,M5
544,2,593,XAUUSD,M5
545,2,594,XAUUSD,M5
546,2,595,XAUUSD,M5
547,2,596,XAUUSD,M5
548,2,597,XAUUSD,M5
549,2,598,XAUUSD,M5
550,2,599,XAUUSD,M5
551,2,600,XAUUSD,M5
552,2,601,XAUUSD,M5
553,2,602,XAUUSD,M5
554,2,603,XAUUSD,M5
555,2,604,XAUUSD,M5
556,2,605,XAUUSD,M5
557,2,606,XAUUSD,M5
558,2,607,XAUUSD,M5
559,0,608,XAUUSD,M5
560,2,609,XAUUSD,M5
561,0,610,XAUUSD,M5
562,0,611,XAUUSD,M5
563,2,612,XAUUSD,M5
564,2,613,XAUUSD,M5
565,0,614,XAUUSD,M5
566,0,615,XAUUSD,M5
567,0,616,XAUUSD,M5
568,0,617,XAUUSD,M5
569,2,618,XAUUSD,M5
570,0,619,XAUUSD,M5
571,1,620,XAUUSD,M5
572,1,621,XAUUSD,M5
573,1,622,XAUUSD,M5
574,1,623,XAUUSD,M5
575,0,624,XAUUSD,M5
576,0,625,XAUUSD,M5
577,1,626,XAUUSD,M5
578,1,627,XAUUSD,M5
579,1,628,XAUUSD,M5
580,1,629,XAUUSD,M5
581,2,630,XAUUSD,M5
582,2,631,XAUUSD,M5
583,2,632,XAUUSD,M5
584,2,633,XAUUSD,M5
585,2,634,XAUUSD,M5
586,2,635,XAUUSD,M5
587,2,636,XAUUSD,M5
588,2,637,XAUUSD,M5
589,2,638,XAUUSD,M5
590,2,639,XAUUSD,M5
591,2,640,XAUUSD,M5
592,2,641,XAUUSD,M5
593,2,642,XAUUSD,M5
594,0,643,XAUUSD,M5
595,0,644,XAUUSD,M5
596,0,645,XAUUSD,M5
597,1,646,XAUUSD,M5
598,2,647,XAUUSD,M5
599,2,648,XAUUSD,M5
600,0,649,XAUUSD,M5
601,1,650,XAUUSD,M5
602,1,651,XAUUSD,M5
603,1,652,XAUUSD,M5
604,1,653,XAUUSD,M5
605,1,654,XAUUSD,M5
606,1,655,XAUUSD,M5
607,1,656,XAUUSD,M5
608,1,657,XAUUSD,M5
609,1,658,XAUUSD,M5
610,1,659,XAUUSD,M5
611,0,660,XAUUSD,M5
612,0,661,XAUUSD,M5
613,1,662,XAUUSD,M5
614,1,663,XAUUSD,M5
615,0,664,XAUUSD,M5
616,1,665,XAUUSD,M5
617,0,666,XAUUSD,M5
618,2,667,XAUUSD,M5
619,0,668,XAUUSD,M5
620,1,669,XAUUSD,M5
621,1,670,XAUUSD,M5
622,1,671,XAUUSD,M5
623,1,672,XAUUSD,M5
624,1,673,XAUUSD,M5
625,1,674,XAUUSD,M5
626,1,675,XAUUSD,M5
627,1,676,XAUUSD,M5
628,1,677,XAUUSD,M5
629,1,678,XAUUSD,M5
630,1,679,XAUUSD,M5
631,2,680,XAUUSD,M5
632,0,681,XAUUSD,M5
633,1,682,XAUUSD,M5
634,1,683,XAUUSD,M5
635,1,684,XAUUSD,M5
636,0,685,XAUUSD,M5
637,1,686,XAUUSD,M5
638,1,687,XAUUSD,M5
639,1,688,XAUUSD,M5
640,1,689,XAUUSD,M5
641,1,690,XAUUSD,M5
642,1,691,XAUUSD,M5
643,1,692,XAUUSD,M5
644,1,693,XAUUSD,M5
645,1,694,XAUUSD,M5
646,1,695,XAUUSD,M5
647,1,696,XAUUSD,M5
648,1,697,XAUUSD,M5
649,0,698,XAUUSD,M5
650,0,699,XAUUSD,M5
651,1,700,XAUUSD,M5
652,1,701,XAUUSD,M5
653,0,702,XAUUSD,M5
654,2,703,XAUUSD,M5
655,2,704,XAUUSD,M5
656,2,705,XAUUSD,M5
657,0,706,XAUUSD,M5
658,2,707,XAUUSD,M5
659,2,708,XAUUSD,M5
660,2,709,XAUUSD,M5
661,2,710,XAUUSD,M5
662,2,711,XAUUSD,M5
663,2,712,XAUUSD,M5
664,0,713,XAUUSD,M5
665,0,714,XAUUSD,M5
666,1,715,XAUUSD,M5
667,0,716,XAUUSD,M5
668,0,717,XAUUSD,M5
669,1,718,XAUUSD,M5
670,1,719,XAUUSD,M5
671,1,720,XAUUSD,M5
672,1,721,XAUUSD,M5
673,1,722,XAUUSD,M5
674,0,723,XAUUSD,M5
675,0,724,XAUUSD,M5
676,2,725,XAUUSD,M5
677,0,726,XAUUSD,M5
678,1,727,XAUUSD,M5
679,1,728,XAUUSD,M5
680,1,729,XAUUSD,M5
681,1,730,XAUUSD,M5
682,1,731,XAUUSD,M5
683,1,732,XAUUSD,M5
684,1,733,XAUUSD,M5
685,1,734,XAUUSD,M5
686,1,735,XAUUSD,M5
687,1,736,XAUUSD,M5
688,1,737,XAUUSD,M5
689,1,738,XAUUSD,M5
690,1,739,XAUUSD,M5
691,1,740,XAUUSD,M5
692,0,741,XAUUSD,M5
693,0,742,XAUUSD,M5
694,2,743,XAUUSD,M5
695,2,744,XAUUSD,M5
696,0,745,XAUUSD,M5
697,0,746,XAUUSD,M5
698,0,747,XAUUSD,M5
699,0,748,XAUUSD,M5
700,2,749,XAUUSD,M5
701,2,750,XAUUSD,M5
702,2,751,XAUUSD,M5
703,0,752,XAUUSD,M5
704,2,753,XAUUSD,M5
705,2,754,XAUUSD,M5
706,0,755,XAUUSD,M5
707,0,756,XAUUSD,M5
708,0,757,XAUUSD,M5
709,1,758,XAUUSD,M5
710,1,759,XAUUSD,M5
711,1,760,XAUUSD,M5
712,1,761,XAUUSD,M5
713,1,762,XAUUSD,M5
714,1,763,XAUUSD,M5
715,1,764,XAUUSD,M5
716,1,765,XAUUSD,M5
717,1,766,XAUUSD,M5
718,1,767,XAUUSD,M5
719,1,768,XAUUSD,M5
720,0,769,XAUUSD,M5
721,0,770,XAUUSD,M5
722,0,771,XAUUSD,M5
723,1,772,XAUUSD,M5
724,1,773,XAUUSD,M5
725,0,774,XAUUSD,M5
726,0,775,XAUUSD,M5
727,1,776,XAUUSD,M5
728,1,777,XAUUSD,M5
729,1,778,XAUUSD,M5
730,1,779,XAUUSD,M5
731,1,780,XAUUSD,M5
732,1,781,XAUUSD,M5
733,1,782,XAUUSD,M5
734,0,783,XAUUSD,M5
735,2,784,XAUUSD,M5
736,2,785,XAUUSD,M5
737,2,786,XAUUSD,M5
738,2,787,XAUUSD,M5
739,2,788,XAUUSD,M5
740,2,789,XAUUSD,M5
741,0,790,XAUUSD,M5
742,1,791,XAUUSD,M5
743,0,792,XAUUSD,M5
744,2,793,XAUUSD,M5
745,0,794,XAUUSD,M5
746,0,795,XAUUSD,M5
747,2,796,XAUUSD,M5
748,2,797,XAUUSD,M5
749,2,798,XAUUSD,M5
750,0,799,XAUUSD,M5
751,1,800,XAUUSD,M5
752,1,801,XAUUSD,M5
753,1,802,XAUUSD,M5
754,1,803,XAUUSD,M5
755,1,804,XAUUSD,M5
756,1,805,XAUUSD,M5
757,1,806,XAUUSD,M5
758,1,807,XAUUSD,M5
759,1,808,XAUUSD,M5
760,1,809,XAUUSD,M5
761,1,810,XAUUSD,M5
762,1,811,XAUUSD,M5
763,1,812,XAUUSD,M5
764,1,813,XAUUSD,M5
765,2,814,XAUUSD,M5
766,0,815,XAUUSD,M5
767,0,816,XAUUSD,M5
768,0,817,XAUUSD,M5
769,1,818,XAUUSD,M5
770,0,819,XAUUSD,M5
771,1,820,XAUUSD,M5
772,1,821,XAUUSD,M5
773,1,822,XAUUSD,M5
774,1,823,XAUUSD,M5
775,1,824,XAUUSD,M5
776,1,825,XAUUSD,M5
777,1,826,XAUUSD,M5
778,1,827,XAUUSD,M5
779,1,828,XAUUSD,M5
780,1,829,XAUUSD,M5
781,1,830,XAUUSD,M5
782,1,831,XAUUSD,M5
783,1,832,XAUUSD,M5
784,1,833,XAUUSD,M5
785,1,834,XAUUSD,M5
786,0,835,XAUUSD,M5
787,0,836,XAUUSD,M5
788,1,837,XAUUSD,M5
789,1,838,XAUUSD,M5
790,1,839,XAUUSD,M5
791,1,840,XAUUSD,M5
792,1,841,XAUUSD,M5
793,1,842,XAUUSD,M5
794,1,843,XAUUSD,M5
795,2,844,XAUUSD,M5
796,2,845,XAUUSD,M5
797,2,846,XAUUSD,M5
798,2,847,XAUUSD,M5
799,2,848,XAUUSD,M5
800,2,849,XAUUSD,M5
801,2,850,XAUUSD,M5
802,1,851,XAUUSD,M5
803,1,852,XAUUSD,M5
804,1,853,XAUUSD,M5
805,1,854,XAUUSD,M5
806,1,855,XAUUSD,M5
807,1,856,XAUUSD,M5
808,1,857,XAUUSD,M5
809,1,858,XAUUSD,M5
810,1,859,XAUUSD,M5
811,0,860,XAUUSD,M5
812,2,861,XAUUSD,M5
813,2,862,XAUUSD,M5
814,2,863,XAUUSD,M5
815,2,864,XAUUSD,M5
816,2,865,XAUUSD,M5
817,2,866,XAUUSD,M5
818,2,867,XAUUSD,M5
819,2,868,XAUUSD,M5
820,2,869,XAUUSD,M5
821,2,870,XAUUSD,M5
822,2,871,XAUUSD,M5
823,2,872,XAUUSD,M5
824,1,873,XAUUSD,M5
825,1,874,XAUUSD,M5
826,1,875,XAUUSD,M5
827,0,876,XAUUSD,M5
828,1,877,XAUUSD,M5
829,1,878,XAUUSD,M5
830,1,879,XAUUSD,M5
831,1,880,XAUUSD,M5
832,1,881,XAUUSD,M5
833,1,882,XAUUSD,M5
834,1,883,XAUUSD,M5
835,1,884,XAUUSD,M5
836,1,885,XAUUSD,M5
837,1,886,XAUUSD,M5
838,1,887,XAUUSD,M5
839,1,888,XAUUSD,M5
840,1,889,XAUUSD,M5
841,1,890,XAUUSD,M5
842,1,891,XAUUSD,M5
843,0,892,XAUUSD,M5
844,0,893,XAUUSD,M5
845,2,894,XAUUSD,M5
846,2,895,XAUUSD,M5
847,2,896,XAUUSD,M5
848,2,897,XAUUSD,M5
849,2,898,XAUUSD,M5
850,2,899,XAUUSD,M5
851,2,900,XAUUSD,M5
852,2,901,XAUUSD,M5
853,2,902,XAUUSD,M5
854,0,903,XAUUSD,M5
855,0,904,XAUUSD,M5
856,0,905,XAUUSD,M5
857,1,906,XAUUSD,M5
858,1,907,XAUUSD,M5
859,0,908,XAUUSD,M5
860,0,909,XAUUSD,M5
861,1,910,XAUUSD,M5
862,0,911,XAUUSD,M5
863,1,912,XAUUSD,M5
864,0,913,XAUUSD,M5
865,2,914,XAUUSD,M5
866,0,915,XAUUSD,M5
867,0,916,XAUUSD,M5
868,2,917,XAUUSD,M5
869,0,918,XAUUSD,M5
870,2,919,XAUUSD,M5
871,0,920,XAUUSD,M5
872,0,921,XAUUSD,M5
873,1,922,XAUUSD,M5
874,1,923,XAUUSD,M5
875,1,924,XAUUSD,M5
876,1,925,XAUUSD,M5
877,0,926,XAUUSD,M5
878,1,927,XAUUSD,M5
879,0,928,XAUUSD,M5
880,1,929,XAUUSD,M5
881,0,930,XAUUSD,M5
882,2,931,XAUUSD,M5
883,2,932,XAUUSD,M5
884,2,933,XAUUSD,M5
885,2,934,XAUUSD,M5
886,2,935,XAUUSD,M5
887,2,936,XAUUSD,M5
888,2,937,XAUUSD,M5
889,2,938,XAUUSD,M5
890,0,939,XAUUSD,M5
891,2,940,XAUUSD,M5
892,0,941,XAUUSD,M5
893,0,942,XAUUSD,M5
894,2,943,XAUUSD,M5
895,2,944,XAUUSD,M5
896,2,945,XAUUSD,M5
897,2,946,XAUUSD,M5
898,2,947,XAUUSD,M5
899,2,948,XAUUSD,M5
900,2,949,XAUUSD,M5
901,2,950,XAUUSD,M5
902,2,951,XAUUSD,M5
903,2,952,XAUUSD,M5
904,0,953,XAUUSD,M5
905,0,954,XAUUSD,M5
906,0,955,XAUUSD,M5
907,2,956,XAUUSD,M5
908,2,957,XAUUSD,M5
909,2,958,XAUUSD,M5
910,2,959,XAUUSD,M5
911,2,960,XAUUSD,M5
912,2,961,XAUUSD,M5
913,2,962,XAUUSD,M5
914,2,963,XAUUSD,M5
915,2,964,XAUUSD,M5
916,2,965,XAUUSD,M5
917,2,966,XAUUSD,M5
918,2,967,XAUUSD,M5
919,0,968,XAUUSD,M5
920,1,969,XAUUSD,M5
921,1,970,XAUUSD,M5
922,1,971,XAUUSD,M5
923,1,972,XAUUSD,M5
924,1,973,XAUUSD,M5
925,1,974,XAUUSD,M5
926,1,975,XAUUSD,M5
927,1,976,XAUUSD,M5
928,1,977,XAUUSD,M5
929,1,978,XAUUSD,M5
930,1,979,XAUUSD,M5
931,0,980,XAUUSD,M5
932,0,981,XAUUSD,M5
933,1,982,XAUUSD,M5
934,1,983,XAUUSD,M5
935,2,984,XAUUSD,M5
936,2,985,XAUUSD,M5
937,2,986,XAUUSD,M5
938,2,987,XAUUSD,M5
939,1,988,XAUUSD,M5
940,1,989,XAUUSD,M5
941,1,990,XAUUSD,M5
942,1,991,XAUUSD,M5
943,0,992,XAUUSD,M5
944,2,993,XAUUSD,M5
945,0,994,XAUUSD,M5
946,1,995,XAUUSD,M5
947,1,996,XAUUSD,M5
948,1,997,XAUUSD,M5
949,0,998,XAUUSD,M5
950,1,999,XAUUSD,M5
951,1,1000,XAUUSD,M5
952,1,1001,XAUUSD,M5
953,1,1002,XAUUSD,M5
954,1,1003,XAUUSD,M5
955,0,1004,XAUUSD,M5
956,1,1005,XAUUSD,M5
957,2,1006,XAUUSD,M5
958,2,1007,XAUUSD,M5
959,2,1008,XAUUSD,M5
960,2,1009,XAUUSD,M5
961,2,1010,XAUUSD,M5
962,0,1011,XAUUSD,M5
963,1,1012,XAUUSD,M5
964,1,1013,XAUUSD,M5
965,1,1014,XAUUSD,M5
966,1,1015,XAUUSD,M5
967,1,1016,XAUUSD,M5
968,1,1017,XAUUSD,M5
969,1,1018,XAUUSD,M5
970,1,1019,XAUUSD,M5
971,1,1020,XAUUSD,M5
972,1,1021,XAUUSD,M5
973,1,1022,XAUUSD,M5
974,0,1023,XAUUSD,M5
975,0,1024,XAUUSD,M5
976,0,1025,XAUUSD,M5
977,0,1026,XAUUSD,M5
978,2,1027,XAUUSD,M5
979,2,1028,XAUUSD,M5
980,2,1029,XAUUSD,M5
981,2,1030,XAUUSD,M5
982,2,1031,XAUUSD,M5
983,2,1032,XAUUSD,M5
984,2,1033,XAUUSD,M5
985,2,1034,XAUUSD,M5
986,2,1035,XAUUSD,M5
987,2,1036,XAUUSD,M5
988,2,1037,XAUUSD,M5
989,0,1038,XAUUSD,M5
990,1,1039,XAUUSD,M5
991,1,1040,XAUUSD,M5
992,1,1041,XAUUSD,M5
993,1,1042,XAUUSD,M5
994,1,1043,XAUUSD,M5
995,0,1044,XAUUSD,M5
996,2,1045,XAUUSD,M5
997,0,1046,XAUUSD,M5
998,0,1047,XAUUSD,M5
999,0,1048,XAUUSD,M5
1000,1,1049,XAUUSD,M5
1001,1,1050,XAUUSD,M5
1002,1,1051,XAUUSD,M5
1003,1,1052,XAUUSD,M5
1004,1,1053,XAUUSD,M5
1005,1,1054,XAUUSD,M5
1006,1,1055,XAUUSD,M5
1007,1,1056,XAUUSD,M5
1008,1,1057,XAUUSD,M5
1009,1,1058,XAUUSD,M5
1010,1,1059,XAUUSD,M5
1011,1,1060,XAUUSD,M5
1012,1,1061,XAUUSD,M5
1013,1,1062,XAUUSD,M5
1014,1,1063,XAUUSD,M5
1015,1,1064,XAUUSD,M5
1016,1,1065,XAUUSD,M5
1017,1,1066,XAUUSD,M5
1018,1,1067,XAUUSD,M5
1019,0,1068,XAUUSD,M5
1020,2,1069,XAUUSD,M5
1021,0,1070,XAUUSD,M5
1022,0,1071,XAUUSD,M5
1023,2,1072,XAUUSD,M5
1024,2,1073,XAUUSD,M5
1025,2,1074,XAUUSD,M5
1026,2,1075,XAUUSD,M5
1027,2,1076,XAUUSD,M5
1028,2,1077,XAUUSD,M5
1029,2,1078,XAUUSD,M5
1030,2,1079,XAUUSD,M5
1031,2,1080,XAUUSD,M5
1032,2,1081,XAUUSD,M5
1033,2,1082,XAUUSD,M5
1034,2,1083,XAUUSD,M5
1035,2,1084,XAUUSD,M5
1036,2,1085,XAUUSD,M5
1037,2,1086,XAUUSD,M5
1038,2,1087,XAUUSD,M5
1039,2,1088,XAUUSD,M5
1040,2,1089,XAUUSD,M5
1041,2,1090,XAUUSD,M5
1042,2,1091,XAUUSD,M5
1043,2,1092,XAUUSD,M5
1044,2,1093,XAUUSD,M5
1045,0,1094,XAUUSD,M5
1046,0,1095,XAUUSD,M5
1047,1,1096,XAUUSD,M5
1048,1,1097,XAUUSD,M5
1049,1,1098,XAUUSD,M5
1050,1,1099,XAUUSD,M5
1051,0,1100,XAUUSD,M5
1052,1,1101,XAUUSD,M5
1053,1,1102,XAUUSD,M5
1054,0,1103,XAUUSD,M5
1055,2,1104,XAUUSD,M5
1056,2,1105,XAUUSD,M5
1057,2,1106,XAUUSD,M5
1058,2,1107,XAUUSD,M5
1059,2,1108,XAUUSD,M5
1060,0,1109,XAUUSD,M5
1061,2,1110,XAUUSD,M5
1062,2,1111,XAUUSD,M5
1063,2,1112,XAUUSD,M5
1064,0,1113,XAUUSD,M5
1065,0,1114,XAUUSD,M5
1066,0,1115,XAUUSD,M5
1067,1,1116,XAUUSD,M5
1068,0,1117,XAUUSD,M5
1069,1,1118,XAUUSD,M5
1070,1,1119,XAUUSD,M5
1071,1,1120,XAUUSD,M5
1072,1,1121,XAUUSD,M5
1073,1,1122,XAUUSD,M5
1074,1,1123,XAUUSD,M5
1075,0,1124,XAUUSD,M5
1076,1,1125,XAUUSD,M5
1077,1,1126,XAUUSD,M5
1078,1,1127,XAUUSD,M5
1079,2,1128,XAUUSD,M5
1080,0,1129,XAUUSD,M5
1081,1,1130,XAUUSD,M5
1082,1,1131,XAUUSD,M5
1083,1,1132,XAUUSD,M5
1084,1,1133,XAUUSD,M5
1085,1,1134,XAUUSD,M5
1086,1,1135,XAUUSD,M5
1087,1,1136,XAUUSD,M5
1088,1,1137,XAUUSD,M5
1089,1,1138,XAUUSD,M5
1090,1,1139,XAUUSD,M5
1091,1,1140,XAUUSD,M5
1092,1,1141,XAUUSD,M5
1093,1,1142,XAUUSD,M5
1094,1,1143,XAUUSD,M5
1095,0,1144,XAUUSD,M5
1096,1,1145,XAUUSD,M5
1097,1,1146,XAUUSD,M5
1098,1,1147,XAUUSD,M5
1099,1,1148,XAUUSD,M5
1100,1,1149,XAUUSD,M5
1101,1,1150,XAUUSD,M5
1102,1,1151,XAUUSD,M5
1103,1,1152,XAUUSD,M5
1104,1,1153,XAUUSD,M5
1105,1,1154,XAUUSD,M5
1106,1,1155,XAUUSD,M5
1107,1,1156,XAUUSD,M5
1108,1,1157,XAUUSD,M5
1109,1,1158,XAUUSD,M5
1110,1,1159,XAUUSD,M5
1111,1,1160,XAUUSD,M5
1112,1,1161,XAUUSD,M5
1113,1,1162,XAUUSD,M5
1114,1,1163,XAUUSD,M5
1115,1,1164,XAUUSD,M5
1116,1,1165,XAUUSD,M5
1117,1,1166,XAUUSD,M5
1118,1,1167,XAUUSD,M5
1119,1,1168,XAUUSD,M5
1120,0,1169,XAUUSD,M5
1121,0,1170,XAUUSD,M5
1122,1,1171,XAUUSD,M5
1123,0,1172,XAUUSD,M5
1124,0,1173,XAUUSD,M5
1125,0,1174,XAUUSD,M5
1126,1,1175,XAUUSD,M5
1127,1,1176,XAUUSD,M5
1128,0,1177,XAUUSD,M5
1129,2,1178,XAUUSD,M5
1130,2,1179,XAUUSD,M5
1131,2,1180,XAUUSD,M5
1132,2,1181,XAUUSD,M5
1133,2,1182,XAUUSD,M5
1134,2,1183,XAUUSD,M5
1135,2,1184,XAUUSD,M5
1136,2,1185,XAUUSD,M5
1137,2,1186,XAUUSD,M5
1138,2,1187,XAUUSD,M5
1139,0,1188,XAUUSD,M5
1140,0,1189,XAUUSD,M5
1141,0,1190,XAUUSD,M5
1142,1,1191,XAUUSD,M5
1143,1,1192,XAUUSD,M5
1144,1,1193,XAUUSD,M5
1145,1,1194,XAUUSD,M5
1146,1,1195,XAUUSD,M5
1147,1,1196,XAUUSD,M5
1148,0,1197,XAUUSD,M5
1149,0,1198,XAUUSD,M5
1150,1,1199,XAUUSD,M5
1151,0,1200,XAUUSD,M5
1152,2,1201,XAUUSD,M5
1153,2,1202,XAUUSD,M5
1154,2,1203,XAUUSD,M5
1155,2,1204,XAUUSD,M5
1156,2,1205,XAUUSD,M5
1157,2,1206,XAUUSD,M5
1158,2,1207,XAUUSD,M5
1159,2,1208,XAUUSD,M5
1160,2,1209,XAUUSD,M5
1161,2,1210,XAUUSD,M5
1162,2,1211,XAUUSD,M5
1163,2,1212,XAUUSD,M5
1164,2,1213,XAUUSD,M5
1165,2,1214,XAUUSD,M5
1166,2,1215,XAUUSD,M5
1167,2,1216,XAUUSD,M5
1168,2,1217,XAUUSD,M5
1169,0,1218,XAUUSD,M5
1170,1,1219,XAUUSD,M5
1171,1,1220,XAUUSD,M5
1172,1,1221,XAUUSD,M5
1173,1,1222,XAUUSD,M5
1174,1,1223,XAUUSD,M5
1175,1,1224,XAUUSD,M5
1176,1,1225,XAUUSD,M5
1177,1,1226,XAUUSD,M5
1178,1,1227,XAUUSD,M5
1179,1,1228,XAUUSD,M5
1180,1,1229,XAUUSD,M5
1181,1,1230,XAUUSD,M5
1182,1,1231,XAUUSD,M5
1183,1,1232,XAUUSD,M5
1184,1,1233,XAUUSD,M5
1185,0,1234,XAUUSD,M5
1186,2,1235,XAUUSD,M5
1187,0,1236,XAUUSD,M5
1188,2,1237,XAUUSD,M5
1189,0,1238,XAUUSD,M5
1190,2,1239,XAUUSD,M5
1191,2,1240,XAUUSD,M5
1192,2,1241,XAUUSD,M5
1193,0,1242,XAUUSD,M5
1194,0,1243,XAUUSD,M5
1195,1,1244,XAUUSD,M5
1196,1,1245,XAUUSD,M5
1197,0,1246,XAUUSD,M5
1198,2,1247,XAUUSD,M5
1199,2,1248,XAUUSD,M5
1200,0,1249,XAUUSD,M5
1201,1,1250,XAUUSD,M5
1202,1,1251,XAUUSD,M5
1203,1,1252,XAUUSD,M5
1204,0,1253,XAUUSD,M5
1205,0,1254,XAUUSD,M5
1206,0,1255,XAUUSD,M5
1207,0,1256,XAUUSD,M5
1208,1,1257,XAUUSD,M5
1209,0,1258,XAUUSD,M5
1210,2,1259,XAUUSD,M5
1211,2,1260,XAUUSD,M5
1212,2,1261,XAUUSD,M5
1213,2,1262,XAUUSD,M5
1214,2,1263,XAUUSD,M5
1215,2,1264,XAUUSD,M5
1216,0,1265,XAUUSD,M5
1217,1,1266,XAUUSD,M5
1218,1,1267,XAUUSD,M5
1219,1,1268,XAUUSD,M5
1220,1,1269,XAUUSD,M5
1221,1,1270,XAUUSD,M5
1222,1,1271,XAUUSD,M5
1223,1,1272,XAUUSD,M5
1224,1,1273,XAUUSD,M5
1225,1,1274,XAUUSD,M5
1226,1,1275,XAUUSD,M5
1227,1,1276,XAUUSD,M5
1228,1,1277,XAUUSD,M5
1229,2,1278,XAUUSD,M5
1230,2,1279,XAUUSD,M5
1231,2,1280,XAUUSD,M5
1232,2,1281,XAUUSD,M5
1233,2,1282,XAUUSD,M5
1234,2,1283,XAUUSD,M5
1235,2,1284,XAUUSD,M5
1236,2,1285,XAUUSD,M5
1237,2,1286,XAUUSD,M5
1238,2,1287,XAUUSD,M5
1239,2,1288,XAUUSD,M5
1240,0,1289,XAUUSD,M5
1241,0,1290,XAUUSD,M5
1242,1,1291,XAUUSD,M5
1243,0,1292,XAUUSD,M5
1244,1,1293,XAUUSD,M5
1245,0,1294,XAUUSD,M5
1246,2,1295,XAUUSD,M5
1247,2,1296,XAUUSD,M5
1248,2,1297,XAUUSD,M5
1249,2,1298,XAUUSD,M5
1250,2,1299,XAUUSD,M5
1251,2,1300,XAUUSD,M5
1252,2,1301,XAUUSD,M5
1253,2,1302,XAUUSD,M5
1254,2,1303,XAUUSD,M5
1255,0,1304,XAUUSD,M5
1256,0,1305,XAUUSD,M5
1257,2,1306,XAUUSD,M5
1258,0,1307,XAUUSD,M5
1259,2,1308,XAUUSD,M5
1260,2,1309,XAUUSD,M5
1261,2,1310,XAUUSD,M5
1262,0,1311,XAUUSD,M5
1263,1,1312,XAUUSD,M5
1264,1,1313,XAUUSD,M5
1265,0,1314,XAUUSD,M5
1266,1,1315,XAUUSD,M5
1267,1,1316,XAUUSD,M5
1268,1,1317,XAUUSD,M5
1269,1,1318,XAUUSD,M5
1270,1,1319,XAUUSD,M5
1271,1,1320,XAUUSD,M5
1272,1,1321,XAUUSD,M5
1273,1,1322,XAUUSD,M5
1274,1,1323,XAUUSD,M5
1275,1,1324,XAUUSD,M5
1276,1,1325,XAUUSD,M5
1277,1,1326,XAUUSD,M5
1278,0,1327,XAUUSD,M5
1279,0,1328,XAUUSD,M5
1280,1,1329,XAUUSD,M5
1281,1,1330,XAUUSD,M5
1282,0,1331,XAUUSD,M5
1283,0,1332,XAUUSD,M5
1284,1,1333,XAUUSD,M5
1285,1,1334,XAUUSD,M5
1286,1,1335,XAUUSD,M5
1287,1,1336,XAUUSD,M5
1288,1,1337,XAUUSD,M5
1289,1,1338,XAUUSD,M5
1290,1,1339,XAUUSD,M5
1291,0,1340,XAUUSD,M5
1292,1,1341,XAUUSD,M5
1293,1,1342,XAUUSD,M5
1294,0,1343,XAUUSD,M5
1295,1,1344,XAUUSD,M5
1296,0,1345,XAUUSD,M5
1297,1,1346,XAUUSD,M5
1298,0,1347,XAUUSD,M5
1299,1,1348,XAUUSD,M5
1300,1,1349,XAUUSD,M5
1301,0,1350,XAUUSD,M5
1302,0,1351,XAUUSD,M5
1303,2,1352,XAUUSD,M5
1304,2,1353,XAUUSD,M5
1305,2,1354,XAUUSD,M5
1306,2,1355,XAUUSD,M5
1307,2,1356,XAUUSD,M5
1308,2,1357,XAUUSD,M5
1309,2,1358,XAUUSD,M5
1310,2,1359,XAUUSD,M5
1311,2,1360,XAUUSD,M5
1312,0,1361,XAUUSD,M5
1313,1,1362,XAUUSD,M5
1314,1,1363,XAUUSD,M5
1315,1,1364,XAUUSD,M5
1316,1,1365,XAUUSD,M5
1317,0,1366,XAUUSD,M5
1318,0,1367,XAUUSD,M5
1319,2,1368,XAUUSD,M5
1320,0,1369,XAUUSD,M5
1321,2,1370,XAUUSD,M5
1322,2,1371,XAUUSD,M5
1323,2,1372,XAUUSD,M5
1324,2,1373,XAUUSD,M5
1325,0,1374,XAUUSD,M5
1326,0,1375,XAUUSD,M5
1327,1,1376,XAUUSD,M5
1328,1,1377,XAUUSD,M5
1329,1,1378,XAUUSD,M5
1330,1,1379,XAUUSD,M5
1331,2,1380,XAUUSD,M5
1332,0,1381,XAUUSD,M5
1333,0,1382,XAUUSD,M5
1334,0,1383,XAUUSD,M5
1335,2,1384,XAUUSD,M5
1336,2,1385,XAUUSD,M5
1337,2,1386,XAUUSD,M5
1338,2,1387,XAUUSD,M5
1339,2,1388,XAUUSD,M5
1340,1,1389,XAUUSD,M5
1341,1,1390,XAUUSD,M5
1342,0,1391,XAUUSD,M5
1343,0,1392,XAUUSD,M5
1344,0,1393,XAUUSD,M5
1345,1,1394,XAUUSD,M5
1346,1,1395,XAUUSD,M5
1347,1,1396,XAUUSD,M5
1348,1,1397,XAUUSD,M5
1349,1,1398,XAUUSD,M5
1350,2,1399,XAUUSD,M5
1351,2,1400,XAUUSD,M5
1352,2,1401,XAUUSD,M5
1353,0,1402,XAUUSD,M5
1354,1,1403,XAUUSD,M5
1355,1,1404,XAUUSD,M5
1356,2,1405,XAUUSD,M5
1357,2,1406,XAUUSD,M5
1358,2,1407,XAUUSD,M5
1359,2,1408,XAUUSD,M5
1360,0,1409,XAUUSD,M5
1361,1,1410,XAUUSD,M5
1362,1,1411,XAUUSD,M5
1363,0,1412,XAUUSD,M5
1364,2,1413,XAUUSD,M5
1365,0,1414,XAUUSD,M5
1366,2,1415,XAUUSD,M5
1367,2,1416,XAUUSD,M5
1368,2,1417,XAUUSD,M5
1369,2,1418,XAUUSD,M5
1370,2,1419,XAUUSD,M5
1371,2,1420,XAUUSD,M5
1372,2,1421,XAUUSD,M5
1373,2,1422,XAUUSD,M5
1374,2,1423,XAUUSD,M5
1375,2,1424,XAUUSD,M5
1376,2,1425,XAUUSD,M5
1377,2,1426,XAUUSD,M5
1378,2,1427,XAUUSD,M5
1379,2,1428,XAUUSD,M5
1380,2,1429,XAUUSD,M5
1381,2,1430,XAUUSD,M5
1382,1,1431,XAUUSD,M5
1383,1,1432,XAUUSD,M5
1384,0,1433,XAUUSD,M5
1385,2,1434,XAUUSD,M5
1386,0,1435,XAUUSD,M5
1387,0,1436,XAUUSD,M5
1388,1,1437,XAUUSD,M5
1389,1,1438,XAUUSD,M5
1390,2,1439,XAUUSD,M5
1391,2,1440,XAUUSD,M5
1392,2,1441,XAUUSD,M5
1393,2,1442,XAUUSD,M5
1394,2,1443,XAUUSD,M5
1395,2,1444,XAUUSD,M5
1396,2,1445,XAUUSD,M5
1397,0,1446,XAUUSD,M5
1398,2,1447,XAUUSD,M5
1399,2,1448,XAUUSD,M5
1400,0,1449,XAUUSD,M5
1401,0,1450,XAUUSD,M5
1402,1,1451,XAUUSD,M5
1403,0,1452,XAUUSD,M5
1404,0,1453,XAUUSD,M5
1405,2,1454,XAUUSD,M5
1406,2,1455,XAUUSD,M5
1407,2,1456,XAUUSD,M5
1408,0,1457,XAUUSD,M5
1409,0,1458,XAUUSD,M5
1410,1,1459,XAUUSD,M5
1411,1,1460,XAUUSD,M5
1412,1,1461,XAUUSD,M5
1413,1,1462,XAUUSD,M5
1414,1,1463,XAUUSD,M5
1415,1,1464,XAUUSD,M5
1416,1,1465,XAUUSD,M5
1417,1,1466,XAUUSD,M5
1418,1,1467,XAUUSD,M5
1419,1,1468,XAUUSD,M5
1420,1,1469,XAUUSD,M5
1421,0,1470,XAUUSD,M5
1422,2,1471,XAUUSD,M5
1423,0,1472,XAUUSD,M5
1424,2,1473,XAUUSD,M5
1425,0,1474,XAUUSD,M5
1426,2,1475,XAUUSD,M5
1427,2,1476,XAUUSD,M5
1428,2,1477,XAUUSD,M5
1429,2,1478,XAUUSD,M5
1430,0,1479,XAUUSD,M5
1431,0,1480,XAUUSD,M5
1432,0,1481,XAUUSD,M5
1433,1,1482,XAUUSD,M5
1434,1,1483,XAUUSD,M5
1435,1,1484,XAUUSD,M5
1436,1,1485,XAUUSD,M5
1437,1,1486,XAUUSD,M5
1438,1,1487,XAUUSD,M5
1439,1,1488,XAUUSD,M5
1440,1,1489,XAUUSD,M5
1441,1,1490,XAUUSD,M5
1442,1,1491,XAUUSD,M5
1443,1,1492,XAUUSD,M5
1444,1,1493,XAUUSD,M5
1445,1,1494,XAUUSD,M5
1446,1,1495,XAUUSD,M5
1447,1,1496,XAUUSD,M5
1448,1,1497,XAUUSD,M5
1449,0,1498,XAUUSD,M5
1450,1,1499,XAUUSD,M5
1451,0,1500,XAUUSD,M5
1452,1,1501,XAUUSD,M5
1453,0,1502,XAUUSD,M5
1454,1,1503,XAUUSD,M5
1455,1,1504,XAUUSD,M5
1456,1,1505,XAUUSD,M5
1457,1,1506,XAUUSD,M5
1458,1,1507,XAUUSD,M5
1459,1,1508,XAUUSD,M5
1460,1,1509,XAUUSD,M5
1461,1,1510,XAUUSD,M5
1462,1,1511,XAUUSD,M5
1463,1,1512,XAUUSD,M5
1464,1,1513,XAUUSD,M5
1465,2,1514,XAUUSD,M5
1466,2,1515,XAUUSD,M5
1467,2,1516,XAUUSD,M5
1468,2,1517,XAUUSD,M5
1469,2,1518,XAUUSD,M5
1470,2,1519,XAUUSD,M5
1471,2,1520,XAUUSD,M5
1472,2,1521,XAUUSD,M5
1473,2,1522,XAUUSD,M5
1474,2,1523,XAUUSD,M5
1475,0,1524,XAUUSD,M5
1476,0,1525,XAUUSD,M5
1477,1,1526,XAUUSD,M5
1478,1,1527,XAUUSD,M5
1479,1,1528,XAUUSD,M5
1480,0,1529,XAUUSD,M5
1481,0,1530,XAUUSD,M5
1482,0,1531,XAUUSD,M5
1483,2,1532,XAUUSD,M5
1484,2,1533,XAUUSD,M5
1485,2,1534,XAUUSD,M5
1486,2,1535,XAUUSD,M5
1487,0,1536,XAUUSD,M5
1488,0,1537,XAUUSD,M5
1489,0,1538,XAUUSD,M5
1490,0,1539,XAUUSD,M5
1491,1,1540,XAUUSD,M5
1492,1,1541,XAUUSD,M5
1493,1,1542,XAUUSD,M5
1494,1,1543,XAUUSD,M5
1495,1,1544,XAUUSD,M5
1496,1,1545,XAUUSD,M5
1497,1,1546,XAUUSD,M5
1498,1,1547,XAUUSD,M5
1499,1,1548,XAUUSD,M5
1500,0,1549,XAUUSD,M5
1501,1,1550,XAUUSD,M5
1502,2,1551,XAUUSD,M5
1503,0,1552,XAUUSD,M5
1504,0,1553,XAUUSD,M5
1505,2,1554,XAUUSD,M5
1506,2,1555,XAUUSD,M5
1507,2,1556,XAUUSD,M5
1508,2,1557,XAUUSD,M5
1509,2,1558,XAUUSD,M5
1510,0,1559,XAUUSD,M5
1511,0,1560,XAUUSD,M5
1512,2,1561,XAUUSD,M5
1513,2,1562,XAUUSD,M5
1514,2,1563,XAUUSD,M5
1515,2,1564,XAUUSD,M5
1516,2,1565,XAUUSD,M5
1517,2,1566,XAUUSD,M5
1518,2,1567,XAUUSD,M5
1519,0,1568,XAUUSD,M5
1520,0,1569,XAUUSD,M5
1521,2,1570,XAUUSD,M5
1522,0,1571,XAUUSD,M5
1523,1,1572,XAUUSD,M5
1524,1,1573,XAUUSD,M5
1525,1,1574,XAUUSD,M5
1526,1,1575,XAUUSD,M5
1527,1,1576,XAUUSD,M5
1528,1,1577,XAUUSD,M5
1529,1,1578,XAUUSD,M5
1530,0,1579,XAUUSD,M5
1531,1,1580,XAUUSD,M5
1532,1,1581,XAUUSD,M5
1533,1,1582,XAUUSD,M5
1534,1,1583,XAUUSD,M5
1535,2,1584,XAUUSD,M5
1536,2,1585,XAUUSD,M5
1537,2,1586,XAUUSD,M5
1538,2,1587,XAUUSD,M5
1539,2,1588,XAUUSD,M5
1540,1,1589,XAUUSD,M5
1541,1,1590,XAUUSD,M5
1542,1,1591,XAUUSD,M5
1543,1,1592,XAUUSD,M5
1544,1,1593,XAUUSD,M5
1545,1,1594,XAUUSD,M5
1546,1,1595,XAUUSD,M5
1547,1,1596,XAUUSD,M5
1548,0,1597,XAUUSD,M5
1549,0,1598,XAUUSD,M5
1550,2,1599,XAUUSD,M5
1551,2,1600,XAUUSD,M5
1552,2,1601,XAUUSD,M5
1553,2,1602,XAUUSD,M5
1554,2,1603,XAUUSD,M5
1555,2,1604,XAUUSD,M5
1556,2,1605,XAUUSD,M5
1557,2,1606,XAUUSD,M5
1558,2,1607,XAUUSD,M5
1559,2,1608,XAUUSD,M5
1560,1,1609,XAUUSD,M5
1561,0,1610,XAUUSD,M5
1562,0,1611,XAUUSD,M5
1563,1,1612,XAUUSD,M5
1564,0,1613,XAUUSD,M5
1565,0,1614,XAUUSD,M5
1566,1,1615,XAUUSD,M5
1567,1,1616,XAUUSD,M5
1568,0,1617,XAUUSD,M5
1569,1,1618,XAUUSD,M5
1570,1,1619,XAUUSD,M5
1571,1,1620,XAUUSD,M5
1572,1,1621,XAUUSD,M5
1573,1,1622,XAUUSD,M5
1574,1,1623,XAUUSD,M5
1575,1,1624,XAUUSD,M5
1576,0,1625,XAUUSD,M5
1577,0,1626,XAUUSD,M5
1578,2,1627,XAUUSD,M5
1579,0,1628,XAUUSD,M5
1580,2,1629,XAUUSD,M5
1581,2,1630,XAUUSD,M5
1582,0,1631,XAUUSD,M5
1583,1,1632,XAUUSD,M5
1584,1,1633,XAUUSD,M5
1585,1,1634,XAUUSD,M5
1586,1,1635,XAUUSD,M5
1587,1,1636,XAUUSD,M5
1588,1,1637,XAUUSD,M5
1589,1,1638,XAUUSD,M5
1590,0,1639,XAUUSD,M5
1591,0,1640,XAUUSD,M5
1592,2,1641,XAUUSD,M5
1593,2,1642,XAUUSD,M5
1594,2,1643,XAUUSD,M5
1595,2,1644,XAUUSD,M5
1596,2,1645,XAUUSD,M5
1597,2,1646,XAUUSD,M5
1598,2,1647,XAUUSD,M5
1599,2,1648,XAUUSD,M5
1600,2,1649,XAUUSD,M5
1601,2,1650,XAUUSD,M5
1602,2,1651,XAUUSD,M5
1603,2,1652,XAUUSD,M5
1604,2,1653,XAUUSD,M5
1605,2,1654,XAUUSD,M5
1606,2,1655,XAUUSD,M5
1607,2,1656,XAUUSD,M5
1608,0,1657,XAUUSD,M5
1609,0,1658,XAUUSD,M5
1610,0,1659,XAUUSD,M5
1611,0,1660,XAUUSD,M5
1612,0,1661,XAUUSD,M5
1613,0,1662,XAUUSD,M5
1614,0,1663,XAUUSD,M5
1615,0,1664,XAUUSD,M5
1616,1,1665,XAUUSD,M5
1617,0,1666,XAUUSD,M5
1618,2,1667,XAUUSD,M5
1619,2,1668,XAUUSD,M5
1620,1,1669,XAUUSD,M5
1621,1,1670,XAUUSD,M5
1622,1,1671,XAUUSD,M5
1623,1,1672,XAUUSD,M5
1624,1,1673,XAUUSD,M5
1625,1,1674,XAUUSD,M5
1626,1,1675,XAUUSD,M5
1627,1,1676,XAUUSD,M5
1628,1,1677,XAUUSD,M5
1629,1,1678,XAUUSD,M5
1630,1,1679,XAUUSD,M5
1631,1,1680,XAUUSD,M5
1632,1,1681,XAUUSD,M5
1633,1,1682,XAUUSD,M5
1634,1,1683,XAUUSD,M5
1635,1,1684,XAUUSD,M5
1636,1,1685,XAUUSD,M5
1637,1,1686,XAUUSD,M5
1638,1,1687,XAUUSD,M5
1639,1,1688,XAUUSD,M5
1640,1,1689,XAUUSD,M5
1641,1,1690,XAUUSD,M5
1642,1,1691,XAUUSD,M5
1643,1,1692,XAUUSD,M5
1644,1,1693,XAUUSD,M5
1645,1,1694,XAUUSD,M5
1646,1,1695,XAUUSD,M5
1647,1,1696,XAUUSD,M5
1648,1,1697,XAUUSD,M5
1649,1,1698,XAUUSD,M5
1650,1,1699,XAUUSD,M5
1651,1,1700,XAUUSD,M5
1652,1,1701,XAUUSD,M5
1653,1,1702,XAUUSD,M5
1654,0,1703,XAUUSD,M5
1655,0,1704,XAUUSD,M5
1656,1,1705,XAUUSD,M5
1657,1,1706,XAUUSD,M5
1658,0,1707,XAUUSD,M5
1659,1,1708,XAUUSD,M5
1660,1,1709,XAUUSD,M5
1661,0,1710,XAUUSD,M5
1662,2,1711,XAUUSD,M5
1663,2,1712,XAUUSD,M5
1664,2,1713,XAUUSD,M5
1665,2,1714,XAUUSD,M5
1666,0,1715,XAUUSD,M5
1667,0,1716,XAUUSD,M5
1668,1,1717,XAUUSD,M5
1669,0,1718,XAUUSD,M5
1670,2,1719,XAUUSD,M5
1671,2,1720,XAUUSD,M5
1672,0,1721,XAUUSD,M5
1673,0,1722,XAUUSD,M5
1674,0,1723,XAUUSD,M5
1675,2,1724,XAUUSD,M5
1676,2,1725,XAUUSD,M5
1677,2,1726,XAUUSD,M5
1678,2,1727,XAUUSD,M5
1679,2,1728,XAUUSD,M5
1680,2,1729,XAUUSD,M5
1681,0,1730,XAUUSD,M5
1682,0,1731,XAUUSD,M5
1683,2,1732,XAUUSD,M5
1684,2,1733,XAUUSD,M5
1685,2,1734,XAUUSD,M5
1686,0,1735,XAUUSD,M5
1687,1,1736,XAUUSD,M5
1688,0,1737,XAUUSD,M5
1689,1,1738,XAUUSD,M5
1690,1,1739,XAUUSD,M5
1691,1,1740,XAUUSD,M5
1692,0,1741,XAUUSD,M5
1693,2,1742,XAUUSD,M5
1694,2,1743,XAUUSD,M5
1695,1,1744,XAUUSD,M5
1696,0,1745,XAUUSD,M5
1697,0,1746,XAUUSD,M5
1698,2,1747,XAUUSD,M5
1699,2,1748,XAUUSD,M5
1700,2,1749,XAUUSD,M5
1701,2,1750,XAUUSD,M5
1702,2,1751,XAUUSD,M5
1703,0,1752,XAUUSD,M5
1704,0,1753,XAUUSD,M5
1705,2,1754,XAUUSD,M5
1706,0,1755,XAUUSD,M5
1707,2,1756,XAUUSD,M5
1708,0,1757,XAUUSD,M5
1709,0,1758,XAUUSD,M5
1710,0,1759,XAUUSD,M5
1711,0,1760,XAUUSD,M5
1712,1,1761,XAUUSD,M5
1713,1,1762,XAUUSD,M5
1714,1,1763,XAUUSD,M5
1715,1,1764,XAUUSD,M5
1716,1,1765,XAUUSD,M5
1717,1,1766,XAUUSD,M5
1718,0,1767,XAUUSD,M5
1719,1,1768,XAUUSD,M5
1720,2,1769,XAUUSD,M5
1721,2,1770,XAUUSD,M5
1722,2,1771,XAUUSD,M5
1723,2,1772,XAUUSD,M5
1724,2,1773,XAUUSD,M5
1725,2,1774,XAUUSD,M5
1726,2,1775,XAUUSD,M5
1727,2,1776,XAUUSD,M5
1728,2,1777,XAUUSD,M5
1729,2,1778,XAUUSD,M5
1730,2,1779,XAUUSD,M5
1731,2,1780,XAUUSD,M5
1732,2,1781,XAUUSD,M5
1733,2,1782,XAUUSD,M5
1734,2,1783,XAUUSD,M5
1735,2,1784,XAUUSD,M5
1736,2,1785,XAUUSD,M5
1737,2,1786,XAUUSD,M5
1738,2,1787,XAUUSD,M5
1739,2,1788,XAUUSD,M5
1740,2,1789,XAUUSD,M5
1741,1,1790,XAUUSD,M5
1742,1,1791,XAUUSD,M5
1743,2,1792,XAUUSD,M5
1744,1,1793,XAUUSD,M5
1745,1,1794,XAUUSD,M5
1746,2,1795,XAUUSD,M5
1747,0,1796,XAUUSD,M5
1748,0,1797,XAUUSD,M5
1749,0,1798,XAUUSD,M5
1750,0,1799,XAUUSD,M5
1751,1,1800,XAUUSD,M5
1752,1,1801,XAUUSD,M5
1753,1,1802,XAUUSD,M5
1754,1,1803,XAUUSD,M5
1755,1,1804,XAUUSD,M5
1756,1,1805,XAUUSD,M5
1757,0,1806,XAUUSD,M5
1758,0,1807,XAUUSD,M5
1759,0,1808,XAUUSD,M5
1760,0,1809,XAUUSD,M5
1761,2,1810,XAUUSD,M5
1762,2,1811,XAUUSD,M5
1763,2,1812,XAUUSD,M5
1764,2,1813,XAUUSD,M5
1765,0,1814,XAUUSD,M5
1766,1,1815,XAUUSD,M5
1767,1,1816,XAUUSD,M5
1768,1,1817,XAUUSD,M5
1769,1,1818,XAUUSD,M5
1770,1,1819,XAUUSD,M5
1771,1,1820,XAUUSD,M5
1772,1,1821,XAUUSD,M5
1773,1,1822,XAUUSD,M5
1774,0,1823,XAUUSD,M5
1775,0,1824,XAUUSD,M5
1776,2,1825,XAUUSD,M5
1777,0,1826,XAUUSD,M5
1778,0,1827,XAUUSD,M5
1779,0,1828,XAUUSD,M5
1780,0,1829,XAUUSD,M5
1781,0,1830,XAUUSD,M5
1782,1,1831,XAUUSD,M5
1783,0,1832,XAUUSD,M5
1784,1,1833,XAUUSD,M5
1785,1,1834,XAUUSD,M5
1786,1,1835,XAUUSD,M5
1787,0,1836,XAUUSD,M5
1788,1,1837,XAUUSD,M5
1789,0,1838,XAUUSD,M5
1790,0,1839,XAUUSD,M5
1791,2,1840,XAUUSD,M5
1792,2,1841,XAUUSD,M5
1793,0,1842,XAUUSD,M5
1794,0,1843,XAUUSD,M5
1795,2,1844,XAUUSD,M5
1796,2,1845,XAUUSD,M5
1797,2,1846,XAUUSD,M5
1798,1,1847,XAUUSD,M5
1799,1,1848,XAUUSD,M5
1800,1,1849,XAUUSD,M5
1801,1,1850,XAUUSD,M5
1802,1,1851,XAUUSD,M5
1803,1,1852,XAUUSD,M5
1804,1,1853,XAUUSD,M5
1805,1,1854,XAUUSD,M5
1806,1,1855,XAUUSD,M5
1807,1,1856,XAUUSD,M5
1808,1,1857,XAUUSD,M5
1809,1,1858,XAUUSD,M5
1810,1,1859,XAUUSD,M5
1811,1,1860,XAUUSD,M5
1812,0,1861,XAUUSD,M5
1813,2,1862,XAUUSD,M5
1814,2,1863,XAUUSD,M5
1815,2,1864,XAUUSD,M5
1816,2,1865,XAUUSD,M5
1817,2,1866,XAUUSD,M5
1818,0,1867,XAUUSD,M5
1819,0,1868,XAUUSD,M5
1820,0,1869,XAUUSD,M5
1821,1,1870,XAUUSD,M5
1822,1,1871,XAUUSD,M5
1823,1,1872,XAUUSD,M5
1824,1,1873,XAUUSD,M5
1825,1,1874,XAUUSD,M5
1826,1,1875,XAUUSD,M5
1827,1,1876,XAUUSD,M5
1828,1,1877,XAUUSD,M5
1829,1,1878,XAUUSD,M5
1830,1,1879,XAUUSD,M5
1831,1,1880,XAUUSD,M5
1832,1,1881,XAUUSD,M5
1833,1,1882,XAUUSD,M5
1834,1,1883,XAUUSD,M5
1835,1,1884,XAUUSD,M5
1836,1,1885,XAUUSD,M5
1837,0,1886,XAUUSD,M5
1838,0,1887,XAUUSD,M5
1839,0,1888,XAUUSD,M5
1840,0,1889,XAUUSD,M5
1841,1,1890,XAUUSD,M5
1842,1,1891,XAUUSD,M5
1843,1,1892,XAUUSD,M5
1844,1,1893,XAUUSD,M5
1845,1,1894,XAUUSD,M5
1846,1,1895,XAUUSD,M5
1847,1,1896,XAUUSD,M5
1848,1,1897,XAUUSD,M5
1849,1,1898,XAUUSD,M5
1850,1,1899,XAUUSD,M5
1851,1,1900,XAUUSD,M5
1852,1,1901,XAUUSD,M5
1853,1,1902,XAUUSD,M5
1854,1,1903,XAUUSD,M5
1855,1,1904,XAUUSD,M5
1856,1,1905,XAUUSD,M5
1857,1,1906,XAUUSD,M5
1858,1,1907,XAUUSD,M5
1859,1,1908,XAUUSD,M5
1860,1,1909,XAUUSD,M5
1861,1,1910,XAUUSD,M5
1862,2,1911,XAUUSD,M5
1863,2,1912,XAUUSD,M5
1864,2,1913,XAUUSD,M5
1865,2,1914,XAUUSD,M5
1866,2,1915,XAUUSD,M5
1867,0,1916,XAUUSD,M5
